{"0":[149.580078125,77.03125,97.451171875,52.12890625,15],"1":[107.9765625,71.91796875,57.97265625,50.00390625,13],"2":[132.6796875,68.33203125,76.69921875,55.98046875,14],"3":[123.37332589285714,55.21205357142857,76.13002232142857,47.24330357142857,14],"4":[133.974609375,55.283203125,87.98828125,45.986328125,16],"5":[136.18024553571428,78.12220982142857,91.21372767857143,44.966517857142854,14],"6":[158.876953125,88.154296875,107.080078125,51.796875,15],"7":[98.3642578125,50.302734375,75.9521484375,22.412109375,14],"8":[167.841796875,89.6484375,110.56640625,57.275390625,15],"9":[158.37890625,78.69140625,114.55078125,43.828125,15],"y":[117.91259765625,78.81591796875,56.90185546875,61.0107421875,15.875],"c":[90.64453125,55.78125,47.48046875,43.1640625,13],"e":[135.80078125,74.375,90.478515625,45.322265625,15],"w":[153.896484375,82.177734375,91.640625,62.255859375,22],"f":[98.61328125,70.72265625,77.6953125,20.91796875,11],"k":[133.2275390625,98.61328125,84.9169921875,48.310546875,14],"x":[106.58203125,57.939453125,55.947265625,50.634765625,16],"p":[147.421875,92.802734375,70.72265625,76.69921875,15],"r":[64.1484375,52.79296875,43.23046875,20.91796875,10],"u":[110.234375,56.4453125,52.12890625,58.10546875,14],"m":[169.169921875,94.9609375,107.24609375,61.923828125,23],"t":[98.9453125,69.7265625,62.75390625,36.19140625,11],"h":[131.62667410714286,80.96819196428571,90.50223214285714,41.124441964285715,14],"o":[114.384765625,60.263671875,62.08984375,52.294921875,15],"n":[110.56640625,59.931640625,69.7265625,40.83984375,14],"j":[76.69921875,32.87109375,34.86328125,41.8359375,6],"q":[146.97916666666666,60.540364583333336,70.27994791666667,76.69921875,15],"v":[94.03125,51.3984375,54.984375,39.046875,16],"g":[166.47216796875,76.69921875,68.73046875,97.74169921875,15],"d":[147.919921875,59.765625,89.8974609375,58.0224609375,15],"s":[100.107421875,59.267578125,57.7734375,42.333984375,12],"b":[146.923828125,92.63671875,89.6484375,57.275390625,15],"a":[133.974609375,68.232421875,74.70703125,59.267578125,14],"i":[54.78515625,36.85546875,33.8671875,20.91796875,3]}