{"0":[132.87890625,69.328125,83.87109375,49.0078125,15],"1":[85.4150390625,56.77734375,46.5673828125,38.84765625,11],"2":[109.90234375,55.78125,56.77734375,53.125,14],"3":[101.6015625,38.349609375,63.75,37.8515625,13],"4":[115.21484375,39.84375,67.40234375,47.8125,15],"6":[128.994140625,74.208984375,81.6796875,47.314453125,15],"7":[85.4150390625,49.0576171875,63.5009765625,21.9140625,13],"8":[155.390625,79.6875,98.61328125,56.77734375,15],"9":[127.87353515625,62.13134765625,92.76123046875,35.1123046875,14.75],"t":[68.73046875,56.15478515625,41.46240234375,27.26806640625,8],"n":[106.9140625,56.11328125,59.765625,47.1484375,13],"o":[95.82421875,52.79296875,47.4140625,48.41015625,14],"e":[95.53444602272727,55.87180397727273,60.49005681818182,35.04438920454545,13],"k":[107.080078125,83.671875,61.259765625,45.8203125,15],"u":[106.58203125,52.294921875,46.318359375,60.263671875,13],"c":[64.248046875,44.82421875,31.875,32.373046875,11],"p":[130.88671875,83.87109375,57.57421875,73.3125,14],"h":[125.5078125,76.201171875,78.69140625,46.81640625,13],"a":[107.578125,53.7890625,42.83203125,64.74609375,14],"q":[132.314453125,54.951171875,55.78125,76.533203125,14],"r":[58.76953125,50.80078125,35.361328125,23.408203125,9],"s":[80.68359375,44.4921875,40.17578125,40.5078125,11],"b":[133.078125,86.0625,77.6953125,55.3828125,14],"x":[79.521484375,40.83984375,41.337890625,38.18359375,13.833333333333334],"w":[151.40625,79.189453125,78.193359375,73.212890625,23],"f":[84.66796875,69.0625,62.75390625,21.9140625,11],"v":[75.56082589285714,46.674107142857146,40.555245535714285,35.005580357142854,15],"g":[146.923828125,69.228515625,56.279296875,90.64453125,14],"j":[79.6875,9.9609375,30.87890625,48.80859375,9],"i":[56.0302734375,37.353515625,32.373046875,23.6572265625,3],"m":[163.359375,92.63671875,93.6328125,69.7265625,21],"y":[87.65625,58.76953125,38.349609375,49.306640625,16],"d":[138.45703125,56.77734375,78.69140625,59.765625,14]}